Title,External URL,Thread URL,Upvote Count,Poster/User,Comment Count
High Five!,https://i.imgur.com/kOsjrhX.gifv,/r/gifsthatkeepongiving/comments/8sdf3s/high_five/,13.6k,u/deathakissaway,267 comments
The U.S. has officially quit the UN Human Rights Council.,https://thinkprogress.org/u-s-leaves-the-u-n-human-rights-council-2bf690606819/,/r/worldnews/comments/8sckc6/the_us_has_officially_quit_the_un_human_rights/,45.2k,u/AdamCannon,6.6k comments
One of the most meme'd on Disney characters totally underrated.r/all,,/r/wholesomememes/comments/8sck4b/one_of_the_most_memed_on_disney_characters/,27.0k,u/wffln,313 comments
Japanese fans clean up stadium after their win vs Colombia,https://youtu.be/Yd5n--lfdqg,/r/videos/comments/8sck9f/japanese_fans_clean_up_stadium_after_their_win_vs/,23.1k,u/wrdb2007,1.2k comments
"Every Sailor has a story. As an Aviation Rescue Swimmer, Jamison Ware transformed the selfless motto of his job into a lifestyle. When he isn't leaping into dangerous waters to save lives, he is volunteering on the streets of San Diego. He is the life preserver.",https://alb.reddit.com/c?q=CgADBTEoKIfAlSMKAAUb7GnpJQEzaAoABhvsaeklADNoCAAHAAAAAgoADAWnUma2IuGaAA==&s=pGpueMGoLVcxH6hO1USryWxbxlsjjLt9D8jJ-AunGgU=&r=aHR0cHM6Ly95b3V0dS5iZS9nUmxvRXA3T3l6Yw==,/comments/8redl4/every_sailor_has_a_story_as_an_aviation_rescue/?instanceId=t3_q%3DCgADBTEoKIfAlSMKAAUb7GnpJQAzaAgABwAAAAEKAAwFp1JmtiLhmgA%3D%26s%3DWmov8KiLH5QTSHaEqljQEsujTaptwDYi9kqJHkit1J8%3D,0,u/AmericasNavy,comment
And bananas!,,/r/funny/comments/8scdmf/and_bananas/,53.1k,u/Vancouver_,854 comments
Absolute roaster,,/r/ScottishPeopleTwitter/comments/8sc5wo/absolute_roaster/,23.2k,u/the_don_lad,538 comments
Jesus Christ..,https://i.imgur.com/YTTHJq3.jpg,/r/PoliticalHumor/comments/8sc4uo/jesus_christ/,20.2k,u/VegaThePunisher,1.2k comments
This is all I wanted from E3...,,/r/gaming/comments/8sbxy9/this_is_all_i_wanted_from_e3/,19.0k,u/Slaughterizer,179 comments
My dads dog Rio is 14 y/o and recently went blind. He pats his leg when he walks and she follows him everywhere he goes. Mom got him the perfect shirt.,,/r/aww/comments/8sbkqd/my_dads_dog_rio_is_14_yo_and_recently_went_blind/,28.7k,u/psych_guy80,252 comments
Japanese fans pick up trash after World Cup match,https://i.imgur.com/IeoMPNc.gifv,/r/gifs/comments/8sdgg5/japanese_fans_pick_up_trash_after_world_cup_match/,4.3k,u/JF_112,127 comments
"YSK Wikipedia is creating Wiki Tribune, an evidence based news aggregator.",,/r/YouShouldKnow/comments/8sbs38/ysk_wikipedia_is_creating_wiki_tribune_an/,11.9k,u/IRENE420,333 comments
Trump lies so blatantly that Germany's public international broadcaster calls him out,https://i.imgur.com/0A0GmW5.png,/r/facepalm/comments/8sbxj1/trump_lies_so_blatantly_that_germanys_public/,15.8k,u/IronyWentOverMyHead,929 comments
For all the tacosPersonal Foul,http://imgur.com/ehqEx3h,/r/MurderedByWords/comments/8scam2/for_all_the_tacos/,8.0k,u/LoganXup,188 comments
Carnival guy dedicated to the dart booth for little kids,https://gfycat.com/DigitalSandyGoldfinch,/r/Whatcouldgowrong/comments/8sbnh1/carnival_guy_dedicated_to_the_dart_booth_for/,13.1k,u/blastr007,600 comments
Seth MacFarlane Donates $2.5M to NPR After Criticizing Fox News/r/all,https://www.hollywoodreporter.com/news/seth-macfarlane-donates-25m-npr-fox-news-tweet-1121333,/r/television/comments/8sdraq/seth_macfarlane_donates_25m_to_npr_after/,3.2k,u/temporarycreature,316 comments
The shirt every man dreams of owning,https://g.redditmedia.com/Sq2Op0nxCmKFVsTtGhxPqX2jrO8BNQELOwiFdO5JUy4.gif?fm=mp4&mp4-fragmented=false&s=f6d62e2d48ad8a86a58e2b373da3656e,/r/BetterEveryLoop/comments/8sbine/the_shirt_every_man_dreams_of_owning/,16.8k,u/Croe01,205 comments
Super Mario Bros 3 mini-games/r/all,,/r/nostalgia/comments/8scsj8/super_mario_bros_3_minigames/,5.0k,u/Jeffrey_Strange,103 comments
He doesn’t even deny it...OP Replied,,/r/quityourbullshit/comments/8sbsfs/he_doesnt_even_deny_it/,11.6k,u/talkinmyface,222 comments
"Governor Ralph Northam: ""Today I'm recalling four Virginia National Guard soldiers and one helicopter from Arizona. Virginia will not devote any resource to border enforcement actions that support the inhumane policy of separating children from their parents.""/r/all",https://twitter.com/GovernorVA/status/1009138091066523648,/r/BlueMidterm2018/comments/8sbb2b/governor_ralph_northam_today_im_recalling_four/,14.3k,u/tt12345x,276 comments
Hold My Redbull.r/all,https://i.imgur.com/4WE5NZj.gifv,/r/holdmyredbull/comments/8sbk47/hold_my_redbull/,11.5k,u/YanniSaidHi,173 comments
ELI5: Preacher Fans! We know that a show this crazy can be hard to describe. So we’re giving out Reddit gold to anyone that can give the best ELI5 explanation of Preacher in anticipation of the Season 3 premiere June 24th on AMC,,/comments/8pjdnw/eli5_preacher_fans_we_know_that_a_show_this_crazy/?instanceId=t3_q%3DCgADBZRXsoZfCXgKAAUb7GnpJRYzaAgABwAAAAEKAAwFlFezOWwxWQA%3D%26s%3D_hPTjZNlMBArLRoARHlrHXusNyQh8GS-ZZatWoANyiQ%3D,139,u/AMCPreacher_Official,305 comments
I am growing 800 California Native plants to study their traits for use in post-fire ecosystem restoration in natural areas!,,/r/gardening/comments/8sc5vp/i_am_growing_800_california_native_plants_to/,6.2k,u/heartdropsdaily,249 comments
Canadian Senate votes to accept amendments to Bill C-45 for the legalization of cannabis - the bill is now set to receive Royal Assent and come into lawCannabis Legalization,https://twitter.com/SenateCA/status/1009215653822324742,/r/canada/comments/8sdjex/canadian_senate_votes_to_accept_amendments_to/,3.5k,u/iAMADisposableAcc,551 comments
Sonic boom,https://i.imgur.com/qWv4Rq3.gifv,/r/BeAmazed/comments/8sb138/sonic_boom/,26.1k,u/rosesarewet,653 comments
That look of jealousy.,https://i.imgur.com/zWVPabN.gifv,/r/thisismylifenow/comments/8saufa/that_look_of_jealousy/,27.3k,u/Fizrock,336 comments
"TIL that a rancher in Oregon named Bill Brown would often write checks on any paper available. This often included soup can labels and newspaper margins. As he was rich and known for this, the banks would cash the checks without question.",https://en.wikipedia.org/wiki/Bill_Brown_(rancher)#Ranching_empire,/r/todayilearned/comments/8samvx/til_that_a_rancher_in_oregon_named_bill_brown/,54.0k,u/btmcbrayer,1.2k comments
